timestamp,theme,variation,file,prompt,word_count,status,feedback,reviewer
2025-10-26T17:42:05.017941,Christmas,1,christmas_variation_1.txt,"Create a Midjourney prompt for Lulu Pig's Christmas variation design:
""Picture Lulu Pig, the adorable pink pig, in a festive Christmas scene outdoors adorned with twinkling lights and wreaths. Dressed in a cozy Santa hat and scarf, surrounded by snowflakes, presents, and a mini Christmas tree. Maintain vibrant colors, kawaii art style, soft lighting enhancing the cheerful mood. Ensure the design is merchandise-ready, retaining Lulu Pig's recognizable features in a professional-quality character illustration.""",73,approved,Passed all checks,auto
2025-10-26T17:42:05.017962,Christmas,2,christmas_variation_2.txt,"Design a cozy Christmas scene featuring Lulu Pig in a cute indoor setting, wrapped in a fluffy red and white scarf, holding a twinkling Xmas light in one hand, and standing next to a miniature Christmas tree adorned with tiny Lulu Pig ornaments. The room is softly lit with warm fairy lights, casting a cozy glow on Lulu's cheerful expression. The illustration should capture a heartwarming and inviting atmosphere, with a focus on Lulu Pig's signature kawaii style, vibrant colors, and merchandise-friendly design suitable for toys, stickers, and clothing.",89,approved,Passed all checks,auto
2025-10-26T17:42:05.017976,Christmas,3,christmas_variation_3.txt,"""A lively Lulu Pig character joyfully leaping in the air, donned in a festive Christmas hat and scarf, surrounded by twinkling Xmas lights and snowflakes, maintaining vibrant colors, kawaii art style, soft lighting enhancing the cheerful mood, perfect for holiday-themed merchandise, dynamic action pose celebrating the season, professional character illustration.""",50,approved,Passed all checks,auto
2025-10-26T17:42:05.017985,Christmas,4,christmas_variation_4.txt,"Illustrate Lulu Pig in a portrait style design for Christmas, featuring a cozy Santa hat and jingle bell collar, surrounded by twinkling lights and snowflakes, maintaining vibrant colors, cute illustration style, soft lighting enhancing the character's warm smile, cheerful holiday mood, suitable for merchandise like stickers and clothing, ensuring the recognizable Lulu Pig identity shines through.",56,approved,Passed all checks,auto
2025-10-26T17:42:05.017996,Dragon Boat Festival,1,dragon_boat_festival_variation_1.txt,"Create a Midjourney prompt:
""Lulu Pig, the beloved pink pig character, joyfully participates in a Dragon Boat Festival celebration, dressed in a traditional festival outfit adorned with festive ornaments, surrounded by dragon boat race decorations, maintaining vibrant colors and kawaii art style, illuminated by soft lighting to emphasize a cheerful and festive mood, designed for merchandise like toys and stickers, character illustration radiates a professional and high-quality feel.""",68,approved,Passed all checks,auto
2025-10-26T17:42:05.018006,Dragon Boat Festival,2,dragon_boat_festival_variation_2.txt,"""In celebration of the Dragon Boat Festival, envision Lulu Pig in a cozy indoor setting with warm lighting, displaying a cute illustration style. Dressed in a traditional dragon boat race-themed outfit, Lulu Pig exudes joy amidst Dragon Boat Festival decorations, maintaining vibrant colors and kawaii art. The soft lighting creates a cheerful and inviting atmosphere, perfect for merchandise like toys, stickers, and clothing. This professional-quality design captures Lulu Pig's essence while embracing the festive spirit of the season.""",78,approved,Passed all checks,auto
2025-10-26T17:42:05.018015,Dragon Boat Festival,3,dragon_boat_festival_variation_3.txt,"""A cheerful Lulu Pig character energetically paddling in a dragon boat race, sporting a festive Dragon Boat Festival-themed outfit, surrounded by colorful dragon boats and festive decorations, maintaining vibrant colors, kawaii art style, dynamic action pose, bright lighting, celebratory mood, merchandise-ready design, character illustration suitable for toys and stickers, professional quality.""",51,approved,Passed all checks,auto
2025-10-26T17:42:05.018025,Dragon Boat Festival,4,dragon_boat_festival_variation_4.txt,"Create a Midjourney prompt for a Dragon Boat Festival-themed variation of Lulu Pig:

""Lulu Pig, the adorable pink character, adorns a traditional Dragon Boat Festival-themed outfit with festive accessories like a colorful dragon boat hat and a drum, set against a backdrop of dragon boat race scenes and zongzi decorations. Maintaining her vibrant pink color, kawaii art style with a cheerful expression, soft lighting emphasizing the joyful mood, this merchandise-ready portrait-style design captures Lulu Pig's essence while celebrating the Dragon Boat Festival. Perfect for toys, stickers, and clothing items, this professional-quality character illustration seamlessly integrates seasonal elements with Lulu Pig's recognizable charm.""",102,approved,Passed all checks,auto
2025-10-26T17:42:05.018035,Halloween,1,halloween_variation_1.txt,"""Imagine Lulu Pig dressed in a whimsical Halloween costume, adorned with Disney-inspired accessories and surrounded by glowing jack-o'-lanterns, showcasing the benefits and magic of pumpkins. This design features a cute illustration style with vibrant colors, soft lighting, and a cheerful mood, perfect for merchandise like toys, stickers, and clothing. Picture Lulu Pig in an outdoor festive scene, playfully interacting with Halloween decorations while exuding warmth and joy, maintaining her recognizable appearance and endearing personality.""",74,approved,Passed all checks,auto
2025-10-26T17:42:05.018045,Halloween,2,halloween_variation_2.txt,"Create a cozy Halloween scene for Lulu Pig, featuring the character in a cute witch costume adorned with pumpkin-themed accessories. Set in a warmly lit room filled with twinkling jack-o'-lantern lights, plush pumpkin cushions, and friendly ghost decorations. The design maintains Lulu Pig's signature pink color, round shape, and friendly demeanor, with a subtle spooky twist perfect for merchandise. Rendered in a cute illustration style with vibrant colors, soft lighting creating a warm and inviting atmosphere, suitable for creating a merchandise-ready design that exudes a cheerful and cozy Halloween mood.",90,approved,Passed all checks,auto
2025-10-26T17:42:05.018053,Halloween,3,halloween_variation_3.txt,"""Imagine Lulu Pig in a dynamic Halloween costume, joyfully carving a Disney-themed pumpkin with a friendly smile, vibrant colors, kawaii art style, soft lighting emphasizing the festive glow, a cheerful and celebratory mood, suitable for merchandise like character illustration toys, stickers, or clothing, maintaining Lulu Pig's recognizable appearance and personality.""",50,approved,Passed all checks,auto
2025-10-26T17:42:05.018061,Halloween,4,halloween_variation_4.txt,"""Imagine Lulu Pig in a delightful Halloween costume, inspired by Disney magic, adorned with a pumpkin hat and a cape featuring cute pumpkin accents. Keep her iconic pink color and friendly smile, now complemented by Halloween-themed elements. Create a portrait style illustration showcasing Lulu Pig with the seasonal accessories, in a vibrant kawaii art style with soft lighting to evoke a cheerful and festive mood. Ensure the design is merchandise-ready, perfect for toys, stickers, and clothing. Retain Lulu Pig's recognizable features while infusing Halloween spirit seamlessly.""",86,approved,Passed all checks,auto
2025-10-26T17:42:05.018070,Mid-Autumn Festival,1,mid-autumn_festival_variation_1.txt,"""Lulu Pig, the adorable pink pig character, is joyfully celebrating the Mid-Autumn Festival in an outdoor festive scene, adorned with colorful lanterns and mooncake decorations. Maintaining her friendly smile and round features, she is dressed in a cute traditional outfit, exuding a cheerful and lively vibe under soft moonlight. This design captures a vibrant color palette, kawaii art style, and a merchandise-ready appeal perfect for toys, stickers, and clothing. Ensure the rendering style emphasizes the festive spirit, with a professional touch to maintain Lulu Pig's recognizable charm.""",87,approved,Passed all checks,auto
2025-10-26T17:42:05.018080,Mid-Autumn Festival,2,mid-autumn_festival_variation_2.txt,"""Imagine Lulu Pig in a cozy Mid-Autumn Festival setting, basking in warm indoor lighting surrounded by glowing lanterns and mooncake decorations. Lulu Pig dons a cute embroidered 月餅-themed sweater, radiating a cheerful and inviting aura. Rendered in a kawaii art style with vibrant colors, soft lighting enhances the cozy ambiance, perfect for merchandise like character illustration posters and plush toys. Maintain Lulu Pig's appearance and traits while infusing a heartwarming indoor Midjourney atmosphere.""",73,approved,Passed all checks,auto
2025-10-26T17:42:05.018089,Mid-Autumn Festival,3,mid-autumn_festival_variation_3.txt,"""Picture Lulu Pig in a dynamic action pose, joyfully holding a mooncake in one hand while surrounded by colorful lanterns and stars to celebrate the Mid-Autumn Festival. Maintain the character's pink body, cute expression, and friendly demeanor amidst the festive elements. Utilize a cute illustration style, vibrant colors, soft lighting to enhance the cheerful mood, ensuring the design is merchandise-ready for toys, stickers, and clothing. Capture Lulu Pig's playful essence in this Midjourney-compatible seasonal variation.""",75,approved,Passed all checks,auto
2025-10-26T17:42:05.018098,Mid-Autumn Festival,4,mid-autumn_festival_variation_4.txt,"Create a Midjourney prompt for a seasonal variation of Lulu Pig character design:

""Portrait-style Lulu Pig donning a whimsical Mid-Autumn Festival attire, complete with a mooncake-patterned hat and a lantern necklace, set against a background of glowing full moon and falling leaves, maintaining her pink color palette and adorable features, embodied in a cute illustration style with vibrant colors, soft lighting enhancing the cheerful and festive mood, ideal for merchandise like stickers or clothing, ensuring a professional-quality character portrayal true to Lulu Pig's identity.""",84,approved,Passed all checks,auto
2025-10-26T17:42:05.018106,Spring Festival,1,spring_festival_variation_1.txt,"""A cheerful Lulu Pig character dressed in traditional Lunar New Year attire, surrounded by festive decorations like red lanterns and blooming cherry blossoms, vibrant colors, kawaii art style, soft lighting to enhance the festive mood, suitable for merchandise such as toys and stickers, maintaining character identity with a touch of Spring Festival joy and celebration.""",55,approved,Passed all checks,auto
2025-10-26T17:42:05.018116,Spring Festival,2,spring_festival_variation_2.txt,"Create a Midjourney prompt for a character IP design variation:

""Lulu Pig, the adorable pink pig character, is cozy indoors for the Spring Festival, dressed in a festive Chinese New Year outfit, surrounded by traditional red lanterns and blooming cherry blossoms, maintaining her vibrant pink color, cute illustration style, and kawaii art details. The scene exudes a warm, soft lighting, evoking a cheerful and inviting mood perfect for merchandise like toys and stickers, capturing a professional quality design with a charming and recognizable character identity.""",85,approved,Passed all checks,auto
2025-10-26T17:42:05.018124,Spring Festival,3,spring_festival_variation_3.txt,"""A joyful Lulu Pig character in a playful action pose celebrating the Spring Festival, wearing a festive Chinese New Year outfit adorned with traditional patterns symbolizing prosperity and luck, surrounded by blooming cherry blossoms and red lanterns, rendered in a vibrant color palette, cute illustration style, soft and warm lighting, exuding a cheerful and festive mood perfect for seasonal merchandise like toys and stickers.""",64,approved,Passed all checks,auto
2025-10-26T17:42:05.018133,Spring Festival,4,spring_festival_variation_4.txt,"Create a charming portrait of Lulu Pig for the Spring Festival, showcasing her in a festive Lunar New Year outfit adorned with cherry blossoms and traditional red envelopes. Maintain her signature pink color and cute features, with a touch of Lunar New Year decorations like lanterns and blooming flowers. Render in a cute illustration style with vibrant colors, soft lighting to enhance her cheerful expression, suitable for merchandise like stickers and clothing, ensuring the design remains recognizable as Lulu Pig.",80,approved,Passed all checks,auto
2025-10-26T17:42:05.018142,Summer,1,summer_variation_1.txt,"""Imagine Lulu Pig having a blast under the summer sun, adorned in a festive beach outfit with colorful summer decorations around her. Keep her signature pink body and friendly smile intact, but accessorize with seasonal elements like beach umbrellas, seashells, and vibrant beach balls. Embrace a cute illustration style with bright, cheerful colors, soft lighting capturing the essence of a fun-filled summer day. Create a merchandise-ready design perfect for toys and clothing, ensuring Lulu Pig remains recognizable amidst the lively outdoor festivities.""",82,approved,Passed all checks,auto
2025-10-26T17:42:05.018151,Summer,2,summer_variation_2.txt,"""Imagine Lulu Pig in a cozy indoor summer setting, bathed in warm lighting that exudes comfort and joy. Picture Lulu Pig donning a cute summer outfit indoors, surrounded by beach-themed decorations like seashells and starfish, all depicted in vibrant colors in a kawaii art style. The illustration should capture a cheerful and inviting atmosphere, perfect for merchandise like stickers or clothing. Maintain Lulu Pig's signature appearance and personality while infusing a cozy summer ambiance with soft lighting and a warm, friendly mood.""",82,approved,Passed all checks,auto
2025-10-26T17:42:05.018160,Summer,3,summer_variation_3.txt,"Create a dynamic Midjourney prompt for a seasonal variation of Lulu Pig celebrating summer with an action pose.

""A lively Lulu Pig character, in a playful beach attire adorned with summer accessories, frolicking joyfully on the sandy shore with beach balls and ice cream, embodying the essence of summer fun. Featuring vibrant colors, cute illustration style, soft lighting highlighting the cheerful mood, this action pose design captures the essence of a summer vacation. Perfect for merchandise such as toys, stickers, and clothing, ensuring the recognizable Lulu Pig character in a professional-quality, merchandise-ready illustration.""",93,approved,Passed all checks,auto
2025-10-26T17:42:05.018175,Summer,4,summer_variation_4.txt,"""Imagine Lulu Pig in a charming summer portrait style, wearing a colorful beach hat and sunglasses, with a backdrop of a sunny beach scene in 光 死去 的 夏天 style. The artwork showcases Lulu Pig's vibrant colors, kawaii art style, soft lighting evoking the warmth of summer, and a cheerful mood perfect for merchandise like stickers and apparel. Stay true to Lulu Pig's cute features and incorporate the seasonal elements seamlessly for a professional quality character illustration.""",77,approved,Passed all checks,auto
2025-10-26T17:42:05.018185,Valentine'S Day,1,valentine's_day_variation_1.txt,"Create a Midjourney prompt for Lulu Pig's Valentine's Day outdoor festive scene design variation:
""Picture Lulu Pig in a charming Valentine's Day outdoor scene adorned with heart-shaped decorations, enveloped in a warm glow of love, vibrant pink hues complementing a cute illustration style, soft lighting enhancing the festive cheer, exuding a lively and inviting atmosphere perfect for merchandise like stickers and toys, ensuring Lulu Pig's recognizable features and cheerful personality shine through.""",72,approved,Passed all checks,auto
2025-10-26T17:42:05.018194,Valentine'S Day,2,valentine's_day_variation_2.txt,"""Imagine Lulu Pig in a cozy indoor setting for Valentine's Day, adorned in a heart-patterned scarf and surrounded by floating heart-shaped balloons, capturing the essence of love and romance. Retaining Lulu Pig's signature pink color and endearing smile, this design incorporates warm lighting, a cute illustration style, vibrant pink and red colors, exuding a cheerful and warm atmosphere perfect for merchandise like plush toys and stickers, ensuring a professional quality character illustration.""",72,approved,Passed all checks,auto
2025-10-26T17:42:05.018203,Valentine'S Day,3,valentine's_day_variation_3.txt,"""Imagine Lulu Pig joyfully leaping in the air with a heart-shaped balloon in one hand and a bouquet of flowers in the other, all set against a backdrop of swirling heart confetti and sparkling love arrows. Maintain her pink hue and cute round features, embodying the essence of Valentine's Day with a vibrant color palette, kawaii art style, glowing lighting effects, and a jubilant atmosphere. This action pose celebrates the season of love, ensuring a merchandise-ready design exuding cheerfulness and professional quality in character illustration.""",85,approved,Passed all checks,auto
2025-10-26T17:42:05.018212,Valentine'S Day,4,valentine's_day_variation_4.txt,"Illustrate Lulu Pig in a portrait style for Valentine's Day, donning a heart-shaped headband with ""愛"" (love) written on it, surrounded by floating heart balloons and flowers, maintaining vibrant pink hues, kawaii art style, soft lighting enhancing the warmth, cheerful mood reflecting romance, suitable for merchandise like stickers, with professional quality and character recognition.",54,approved,Passed all checks,auto
